{"cameraMode":{"drawMode":0,"name":"Shaded","section":"Shading Mode"},"sceneLighting":false,"audioPlay":false,"sceneViewState":{"m_AlwaysRefresh":false,"showFog":true,"showSkybox":true,"showFlares":true,"showImageEffects":true,"showParticleSystems":true,"showVisualEffectGraphs":true,"m_FxEnabled":true},"in2DMode":false,"pivot":{"x":61.528961181640628,"y":67.39479064941406,"z":14.57171630859375},"rotation":{"x":-0.008567674085497857,"y":0.1672016680240631,"z":0.001453488483093679,"w":0.9858900904655457},"size":138.58888244628907,"orthographic":false}