{"cameraMode":{"drawMode":0,"name":"Shaded","section":"Shading Mode"},"sceneLighting":false,"audioPlay":false,"sceneViewState":{"m_AlwaysRefresh":false,"showFog":true,"showSkybox":true,"showFlares":true,"showImageEffects":true,"showParticleSystems":true,"showVisualEffectGraphs":true,"m_FxEnabled":true},"in2DMode":false,"pivot":{"x":68.62598419189453,"y":16.49974822998047,"z":-37.316429138183597},"rotation":{"x":0.09107083827257157,"y":0.02587887831032276,"z":-0.004137811250984669,"w":0.9960773587226868},"size":19.705659866333009,"orthographic":true}