{"cameraMode":{"drawMode":0,"name":"Shaded","section":"Shading Mode"},"sceneLighting":false,"audioPlay":false,"sceneViewState":{"m_AlwaysRefresh":false,"showFog":true,"showSkybox":true,"showFlares":true,"showImageEffects":true,"showParticleSystems":true,"showVisualEffectGraphs":true,"m_FxEnabled":true},"in2DMode":false,"pivot":{"x":75.74917602539063,"y":12.731063842773438,"z":-12.114927291870118},"rotation":{"x":-0.25554579496383669,"y":0.012883071787655354,"z":0.0020016434136778118,"w":0.9672560691833496},"size":19.319856643676759,"orthographic":true}