{"cameraMode":{"drawMode":0,"name":"Shaded","section":"Shading Mode"},"sceneLighting":false,"audioPlay":false,"sceneViewState":{"m_AlwaysRefresh":false,"showFog":true,"showSkybox":true,"showFlares":true,"showImageEffects":true,"showParticleSystems":true,"showVisualEffectGraphs":true,"m_FxEnabled":true},"in2DMode":false,"pivot":{"x":77.57027435302735,"y":17.783123016357423,"z":-14.128901481628418},"rotation":{"x":0.20064550638198853,"y":-0.6720908880233765,"z":0.19472502171993257,"w":0.6864173412322998},"size":10.637853622436524,"orthographic":true}