{"cameraMode":{"drawMode":0,"name":"Shaded","section":"Shading Mode"},"sceneLighting":false,"audioPlay":false,"sceneViewState":{"m_AlwaysRefresh":false,"showFog":true,"showSkybox":true,"showFlares":true,"showImageEffects":true,"showParticleSystems":true,"showVisualEffectGraphs":true,"m_FxEnabled":true},"in2DMode":false,"pivot":{"x":-0.5406757593154907,"y":3.6504886150360109,"z":14.062074661254883},"rotation":{"x":0.007308184169232845,"y":0.9872642755508423,"z":-0.14903564751148225,"w":0.06011836603283882},"size":32.91913986206055,"orthographic":true}