{"cameraMode":{"drawMode":0,"name":"Shaded","section":"Shading Mode"},"sceneLighting":false,"audioPlay":false,"sceneViewState":{"m_AlwaysRefresh":false,"showFog":true,"showSkybox":true,"showFlares":true,"showImageEffects":true,"showParticleSystems":true,"showVisualEffectGraphs":true,"m_FxEnabled":true},"in2DMode":false,"pivot":{"x":74.13968658447266,"y":23.442615509033204,"z":-17.817569732666017},"rotation":{"x":-0.057285621762275699,"y":0.008527252823114396,"z":-0.0008746773237362504,"w":0.998850405216217},"size":9.774993896484375,"orthographic":true}